{
    "model": "epicfight:entity/biped",
    "armature": "epicfight:entity/biped",
    "renderer": "player",
    "isHumanoid": true,
    "faction": "illager",
    "attributes": {
        "impact": 0.5,
        "armor_negation": 0.0,
        "max_strikes": 1,
        "chasing_speed": 1.2,
                "scale": 1.0
    },
    "default_livingmotions": {
        "idle": "epicfight:biped/living/idle",
        "walk": "epicfight:biped/living/walk",
        "chase": "epicfight:biped/living/walk",
        "mount": "epicfight:biped/living/mount",
                "fall": "epicfight:biped/living/fall",
        "death": "epicfight:biped/living/death"
    },
    "stun_animations": {
        "short": "epicfight:biped/combat/hit_short",
        "long": "epicfight:biped/combat/hit_long",
        "knockdown": "epicfight:biped/combat/knockdown",
        "fall": "epicfight:biped/living/landing",
        "neutralize": "epicfight:biped/skill/guard_break1"
    },
    "combat_behavior": [
        {
            "weapon_categories": ["spear"],
            "style": "two_hand",
            "behavior_series": [
{
                    "weight": 100.0,
                    "canBeInterrupted": true,
                    "looping": true,
                    "behaviors": [
                        {
                            "conditions": [
                                {"predicate":"within_eye_height"}, {"predicate":"within_distance", "min": 5.3, "max": 7.8}, {"predicate":"within_angle_horizontal", "min": 0.0, "max": 180.0}
                            ],
                            "animation": "epicfight:biped/combat/spear_dash"
                        }
                    ]
                },
{
                    "weight": 100.0,
                    "canBeInterrupted": true,
                    "looping": true,
                    "behaviors": [
                        {
                            "conditions": [
                                {"predicate":"within_eye_height"}, {"predicate":"within_distance", "min": 0.0, "max": 3.1}, {"predicate":"within_angle_horizontal", "min": 0.0, "max": 180.0}, {"predicate":"random_chance", "chance": 0.5}
                            ],
                            "animation": "epicfight:biped/combat/spear_twohand_airslash"
                        }
                    ]
                },
{
                    "weight": 200.0,
                    "canBeInterrupted": true,
                    "looping": true,
                    "behaviors": [
                        {
                            "conditions": [
                                {"predicate":"within_eye_height"}, {"predicate":"within_distance", "min": 0.0, "max": 5.3}, {"predicate":"within_angle_horizontal", "min": 0.0, "max": 180.0}
                            ],
                            "animation": "epicfight:biped/combat/spear_twohand_auto1"
                        },
                        {
                            "conditions": [
                                {"predicate":"within_eye_height"}, {"predicate":"within_distance", "min": 0.0, "max": 4.9}, {"predicate":"within_angle_horizontal", "min": 0.0, "max": 180.0}
                            ],
                            "animation": "epicfight:biped/combat/spear_twohand_auto2"
                        }
                    ]
                },
{
                    "weight": 100.0,
                    "canBeInterrupted": true,
                    "looping": false,
                    "behaviors": [
{
                            "conditions": [
                                {"predicate":"within_eye_height"}, {"predicate":"within_distance", "min": 0.0, "max": 5.2}
                            ],
                            "animation": "epicfight:biped/skill/roll_backward"
                         }
                        ]
                      }
            ]
        },
        {
            "weapon_categories": ["spear"],
            "style": "one_hand",
            "behavior_series": [
{
                    "weight": 200.0,
                    "canBeInterrupted": true,
                    "looping": true,
                    "behaviors": [
                        {
                            "conditions": [
                                {"predicate":"within_eye_height"}, {"predicate":"within_distance", "min": 0.0, "max": 3.5}, {"predicate":"within_angle_horizontal", "min": 0.0, "max": 180.0}
                            ],
                            "animation": "epicfight:biped/combat/spear_onehand_auto"
                        }
                    ]
                },
{
                    "weight": 100.0,
                    "canBeInterrupted": true,
                    "looping": false,
                    "behaviors": [
                        {
                            "conditions": [
                                {"predicate":"within_eye_height"}, {"predicate":"within_distance", "min": 3.5, "max": 7.8}, {"predicate":"within_angle_horizontal", "min": 0.0, "max": 180.0}
                            ],
                            "animation": "epicfight:biped/combat/spear_dash"
                        },
                        {
                            "conditions": [
                                {"predicate":"within_eye_height"}, {"predicate":"within_distance", "min": 0.0, "max": 3.5}, {"predicate":"within_angle_horizontal", "min": 0.0, "max": 180.0}
                            ],
                            "animation": "epicfight:biped/combat/spear_onehand_auto"
                        }
                    ]
                },
{
                    "weight": 100.0,
                    "canBeInterrupted": true,
                    "looping": true,
                    "behaviors": [
                        {
                            "conditions": [
                                {"predicate":"within_eye_height"}, {"predicate":"within_distance", "min": 0.0, "max": 3.4}, {"predicate":"within_angle_horizontal", "min": 0.0, "max": 180.0}, {"predicate":"random_chance", "chance": 0.5}
                            ],
                            "animation": "epicfight:biped/combat/spear_onehand_airslash"
                        }
                    ]
                },
{
                    "weight": 100.0,
                    "canBeInterrupted": true,
                    "looping": false,
                    "behaviors": [
{
                            "conditions": [
                                {"predicate":"within_eye_height"}, {"predicate":"within_distance", "min": 0.0, "max": 3.4}
                            ],
                            "animation": "epicfight:biped/skill/roll_backward"
                        }
                    ]
                }
            ]
        },
        {
            "weapon_categories": ["tachi"],
            "style": "common",
            "behavior_series": [
{
                    "weight": 100.0,
                    "canBeInterrupted": true,
                    "looping": true,
                    "behaviors": [
                        {
                            "conditions": [
                                {"predicate":"within_eye_height"}, {"predicate":"within_distance", "min": 5.7, "max": 6.4}, {"predicate":"within_angle_horizontal", "min": 0.0, "max": 180.0}
                            ],
                            "animation": "epicfight:biped/combat/tachi_dash"
                        },
                        {
                            "conditions": [
                                {"predicate":"within_eye_height"}, {"predicate":"within_distance", "min": 0.0, "max": 5.7}, {"predicate":"within_angle_horizontal", "min": 0.0, "max": 180.0}
                            ],
                            "animation": "epicfight:biped/combat/tachi_auto1"
                        },
                        {
                            "conditions": [
                                {"predicate":"within_eye_height"}, {"predicate":"within_distance", "min": 0.0, "max": 3.9}, {"predicate":"within_angle_horizontal", "min": 0.0, "max": 180.0}
                            ],
                            "animation": "epicfight:biped/combat/tachi_auto2"
                        },
                        {
                            "conditions": [
                                {"predicate":"within_eye_height"}, {"predicate":"within_distance", "min": 0.0, "max": 4.7}, {"predicate":"within_angle_horizontal", "min": 0.0, "max": 180.0}
                            ],
                            "animation": "epicfight:biped/combat/tachi_auto3"
                        }
                    ]
                },
{
                    "weight": 100.0,
                    "canBeInterrupted": true,
                    "looping": true,
                    "behaviors": [
                        {
                            "conditions": [
                                {"predicate":"within_eye_height"}, {"predicate":"within_distance", "min": 0.0, "max": 3.1}, {"predicate":"within_angle_horizontal", "min": 0.0, "max": 180.0}, {"predicate":"random_chance", "chance": 0.5}
                            ],
                            "animation": "epicfight:biped/combat/longsword_airslash"
                        }
                    ]
                },
{
                    "weight": 200.0,
                    "canBeInterrupted": true,
                    "looping": true,
                    "behaviors": [
                        {
                            "conditions": [
                                {"predicate":"within_eye_height"}, {"predicate":"within_distance", "min": 0.0, "max": 5.7}, {"predicate":"within_angle_horizontal", "min": 0.0, "max": 180.0}
                            ],
                            "animation": "epicfight:biped/combat/tachi_auto1"
                        },
                        {
                            "conditions": [
                                {"predicate":"within_eye_height"}, {"predicate":"within_distance", "min": 0.0, "max": 3.9}, {"predicate":"within_angle_horizontal", "min": 0.0, "max": 180.0}
                            ],
                            "animation": "epicfight:biped/combat/tachi_auto2"
                        },
                        {
                            "conditions": [
                                {"predicate":"within_eye_height"}, {"predicate":"within_distance", "min": 0.0, "max": 4.7}, {"predicate":"within_angle_horizontal", "min": 0.0, "max": 180.0}
                            ],
                            "animation": "epicfight:biped/combat/tachi_auto3"
                        }
                    ]
                },
{
                    "weight": 100.0,
                    "canBeInterrupted": true,
                    "looping": true,
                    "cooldown": 200,
                    "behaviors": [
                        {
                            "conditions": [
                                {"predicate":"within_eye_height"}, {"predicate":"within_distance", "min": 0.0, "max": 5.7}, {"predicate":"within_angle_horizontal", "min": 0.0, "max": 180.0}, {"predicate":"random_chance", "chance": 0.3}
                            ],
                            "animation": "epicfight:biped/combat/tachi_auto1"
                        },
                        {
                            "conditions": [
                                {"predicate":"within_eye_height"}, {"predicate":"within_distance", "min": 0.0, "max": 5.2}, {"predicate":"within_angle_horizontal", "min": 0.0, "max": 60.0}
                            ],
                            "animation": "epicfight:biped/skill/rushing_tempo1"
                        },
                        {
                            "conditions": [
                                {"predicate":"within_eye_height"}, {"predicate":"within_distance", "min": 0.0, "max": 3.9}, {"predicate":"within_angle_horizontal", "min": 0.0, "max": 60.0}
                            ],
                            "animation": "epicfight:biped/combat/tachi_auto2"
                        },
                        {
                            "conditions": [
                                {"predicate":"within_eye_height"}, {"predicate":"within_distance", "min": 0.0, "max": 4.7}, {"predicate":"within_angle_horizontal", "min": 0.0, "max": 60.0}
                            ],
                            "animation": "epicfight:biped/combat/tachi_auto3"
                        }
                    ]
                },
{
                    "weight": 100.0,
                    "canBeInterrupted": true,
                    "looping": true,
                    "cooldown": 200,
                    "behaviors": [
                        {
                            "conditions": [
                                {"predicate":"within_eye_height"}, {"predicate":"within_distance", "min": 0.0, "max": 5.7}, {"predicate":"within_angle_horizontal", "min": 0.0, "max": 60.0}, {"predicate":"random_chance", "chance": 0.3}
                            ],
                            "animation": "epicfight:biped/combat/tachi_auto1"
                        },
                        {
                            "conditions": [
                                {"predicate":"within_eye_height"}, {"predicate":"within_distance", "min": 0.0, "max": 3.9}, {"predicate":"within_angle_horizontal", "min": 0.0, "max": 60.0}
                            ],
                            "animation": "epicfight:biped/combat/tachi_auto2"
                        },
                        {
                            "conditions": [
                                {"predicate":"within_eye_height"}, {"predicate":"within_distance", "min": 0.0, "max": 5.3}, {"predicate":"within_angle_horizontal", "min": 0.0, "max": 60.0}
                            ],
                            "animation": "epicfight:biped/skill/rushing_tempo2"
                        },
                        {
                            "conditions": [
                                {"predicate":"within_eye_height"}, {"predicate":"within_distance", "min": 0.0, "max": 4.7}, {"predicate":"within_angle_horizontal", "min": 0.0, "max": 60.0}
                            ],
                            "animation": "epicfight:biped/combat/tachi_auto3"
                        }
                    ]
                },
{
                    "weight": 100.0,
                    "canBeInterrupted": true,
                    "looping": true,
                    "cooldown": 200,
                    "behaviors": [
                        {
                            "conditions": [
                                {"predicate":"within_eye_height"}, {"predicate":"within_distance", "min": 0.0, "max": 5.7}, {"predicate":"within_angle_horizontal", "min": 0.0, "max": 60.0}, {"predicate":"random_chance", "chance": 0.3}
                            ],
                            "animation": "epicfight:biped/combat/tachi_auto1"
                        },
                        {
                            "conditions": [
                                {"predicate":"within_eye_height"}, {"predicate":"within_distance", "min": 0.0, "max": 3.9}, {"predicate":"within_angle_horizontal", "min": 0.0, "max": 60.0}
                            ],
                            "animation": "epicfight:biped/combat/tachi_auto2"
                        },
                        {
                            "conditions": [
                                {"predicate":"within_eye_height"}, {"predicate":"within_distance", "min": 0.0, "max": 4.7}, {"predicate":"within_angle_horizontal", "min": 0.0, "max": 60.0}
                            ],
                            "animation": "epicfight:biped/combat/tachi_auto3"
                        },
                        {
                            "conditions": [
                                {"predicate":"within_eye_height"}, {"predicate":"within_distance", "min": 0.0, "max": 5.2}, {"predicate":"within_angle_horizontal", "min": 0.0, "max": 60.0}
                            ],
                            "animation": "epicfight:biped/skill/rushing_tempo3"
                        }
                    ]
                },
{
                    "weight": 100.0,
                    "canBeInterrupted": true,
                    "looping": false,
                    "behaviors": [
{
                            "conditions": [
                                {"predicate":"within_eye_height"}, {"predicate":"within_distance", "min": 0.0, "max": 5.6}
                            ],
                            "animation": "epicfight:biped/skill/roll_backward"
                        }
                    ]
                }
            ]
        },
        {
            "weapon_categories": ["uchigatana"],
            "style": "common",
            "behavior_series": [
{
                    "weight": 100.0,
                    "canBeInterrupted": true,
                    "looping": true,
                    "behaviors": [
                        {
                            "conditions": [
                                {"predicate":"within_eye_height"}, {"predicate":"within_distance", "min": 2.5, "max": 3.4}, {"predicate":"within_angle_horizontal", "min": 0.0, "max": 100.0}
                            ],
                            "animation": "epicfight:biped/combat/uchigatana_dash"
                        }
                    ]
                },
{
                    "weight": 100.0,
                    "canBeInterrupted": true,
                    "looping": true,
                    "behaviors": [
                        {
                            "conditions": [
                                {"predicate":"within_eye_height"}, {"predicate":"within_distance", "min": 0.0, "max": 2.5}, {"predicate":"within_angle_horizontal", "min": 0.0, "max": 100.0}, {"predicate":"random_chance", "chance": 0.5}
                            ],
                            "animation": "epicfight:biped/combat/uchigatana_airslash"
                        }
                    ]
                },
{
                    "weight": 200.0,
                    "canBeInterrupted": true,
                    "looping": true,
                    "behaviors": [
                        {
                            "conditions": [
                                {"predicate":"within_eye_height"}, {"predicate":"within_distance", "min": 0.0, "max": 4.3}, {"predicate":"within_angle_horizontal", "min": 0.0, "max": 100.0}
                            ],
                            "animation": "epicfight:biped/combat/uchigatana_auto1"
                        },
                        {
                            "conditions": [
                                {"predicate":"within_eye_height"}, {"predicate":"within_distance", "min": 0.0, "max": 4.1}, {"predicate":"within_angle_horizontal", "min": 0.0, "max": 100.0}
                            ],
                            "animation": "epicfight:biped/combat/uchigatana_auto2"
                        },
                        {
                            "conditions": [
                                {"predicate":"within_eye_height"}, {"predicate":"within_distance", "min": 0.0, "max": 3.8}, {"predicate":"within_angle_horizontal", "min": 0.0, "max": 100.0}
                            ],
                            "animation": "epicfight:biped/combat/uchigatana_auto3"
                        }
                    ]
                },
{
                    "weight": 100.0,
                    "canBeInterrupted": true,
                    "looping": true,
                    "cooldown": 50,
                    "behaviors": [
                        {
                            "conditions": [
                                {"predicate":"within_eye_height"}, {"predicate":"within_distance", "min": 4.3, "max": 5.6}, {"predicate":"within_angle_horizontal", "min": 0.0, "max": 100.0}, {"predicate":"random_chance", "chance": 0.5}
                            ],
                            "animation": "epicfight:biped/combat/uchigatana_sheath_dash"
                        },
                        {
                            "conditions": [
                                {"predicate":"within_eye_height"}, {"predicate":"within_distance", "min": 0.0, "max": 4.3}, {"predicate":"within_angle_horizontal", "min": 0.0, "max": 100.0}
                            ],
                            "animation": "epicfight:biped/combat/uchigatana_auto1"
                        },
                        {
                            "conditions": [
                                {"predicate":"within_eye_height"}, {"predicate":"within_distance", "min": 0.0, "max": 4.1}, {"predicate":"within_angle_horizontal", "min": 0.0, "max": 100.0}
                            ],
                            "animation": "epicfight:biped/combat/uchigatana_auto2"
                        },
                        {
                            "conditions": [
                                {"predicate":"within_eye_height"}, {"predicate":"within_distance", "min": 0.0, "max": 3.8}, {"predicate":"within_angle_horizontal", "min": 0.0, "max": 100.0}
                            ],
                            "animation": "epicfight:biped/combat/uchigatana_auto3"
                        }
                    ]
                },
{
                    "weight": 100.0,
                    "canBeInterrupted": true,
                    "looping": true,
                    "cooldown": 50,
                    "behaviors": [
                        {
                            "conditions": [
                                {"predicate":"within_eye_height"}, {"predicate":"within_distance", "min": 0.0, "max": 2.9}, {"predicate":"within_angle_horizontal", "min": 0.0, "max": 100.0}, {"predicate":"random_chance", "chance": 0.5}
                            ],
                            "animation": "epicfight:biped/combat/uchigatana_sheath_airslash"
                        }
                    ]
                },
{
                    "weight": 100.0,
                    "canBeInterrupted": true,
                    "looping": true,
                    "cooldown": 50,
                    "behaviors": [
                        {
                            "conditions": [
                                {"predicate":"within_eye_height"}, {"predicate":"within_distance", "min": 0.0, "max": 3.2}, {"predicate":"within_angle_horizontal", "min": 0.0, "max": 100.0}, {"predicate":"random_chance", "chance": 0.5}
                            ],
                            "animation": "epicfight:biped/combat/uchigatana_sheath_auto"
                        }
                    ]
                },
{
                    "weight": 100.0,
                    "canBeInterrupted": true,
                    "looping": false,
                    "cooldown": 200,
                    "behaviors": [
                        {
                            "conditions": [
                                {"predicate":"within_eye_height"}, {"predicate":"within_distance", "min": 0.0, "max": 3.4}, {"predicate":"within_angle_horizontal", "min": 0.0, "max": 100.0}, {"predicate":"random_chance", "chance": 0.3}
                            ],
                            "animation": "epicfight:biped/skill/battojutsu"
                        }
                    ]
                },
{
                    "weight": 100.0,
                    "canBeInterrupted": true,
                    "looping": true,
                    "cooldown": 200,
                    "behaviors": [
                        {
                            "conditions": [
                                {"predicate":"within_eye_height"}, {"predicate":"within_distance", "min": 0.0, "max": 10.2}, {"predicate":"within_angle_horizontal", "min": 0.0, "max": 100.0}, {"predicate":"random_chance", "chance": 0.3}
                            ],
                            "animation": "epicfight:biped/skill/battojutsu_dash"
                        },
{
                            "animation": "epicfight:biped/skill/roll_forward"
                        }
                    ]
                },
{
                    "weight": 100.0,
                    "canBeInterrupted": true,
                    "looping": false,
                    "behaviors": [
{
                            "conditions": [
                                {"predicate":"within_eye_height"}, {"predicate":"within_distance", "min": 0.0, "max": 4.3}
                            ],
                            "animation": "epicfight:biped/skill/roll_backward"
                        }
                    ]
                }
            ]
        },
        {
            "weapon_categories": ["sword"],
            "style": "one_hand",
            "behavior_series": [
{
                    "weight": 100.0,
                    "canBeInterrupted": true,
                    "looping": false,
                    "behaviors": [
                        {
                            "conditions": [
                                {"predicate":"within_eye_height"}, {"predicate":"within_distance", "min": 3.0, "max": 7.7}, {"predicate":"within_angle_horizontal", "min": 0.0, "max": 30.0}
                            ],
                            "animation": "epicfight:biped/combat/sword_dash"
                        }
                    ]
                },
{
                    "weight": 100.0,
                    "canBeInterrupted": true,
                    "looping": false,
                    "behaviors": [
                        {
                            "conditions": [
                                {"predicate":"within_eye_height"}, {"predicate":"within_distance", "min": 0.0, "max": 2.2}, {"predicate":"within_angle_horizontal", "min": 0.0, "max": 30.0}, {"predicate":"random_chance", "chance": 0.8}
                            ],
                            "animation": "epicfight:biped/combat/sword_airslash"
                        }
                    ]
                },
{
                    "weight": 200.0,
                    "canBeInterrupted": true,
                    "looping": true,
                    "behaviors": [
                        {
                            "conditions": [
                                {"predicate":"within_eye_height"}, {"predicate":"within_distance", "min": 0.0, "max": 3.0}, {"predicate":"within_angle_horizontal", "min": 0.0, "max": 60.0}
                            ],
                            "animation": "epicfight:biped/combat/sword_auto1"
                        },
                        {
                            "conditions": [
                                {"predicate":"within_eye_height"}, {"predicate":"within_distance", "min": 0.0, "max": 3.8}, {"predicate":"within_angle_horizontal", "min": 0.0, "max": 60.0}
                            ],
                            "animation": "epicfight:biped/combat/sword_auto2"
                        },
                        {
                            "conditions": [
                                {"predicate":"within_eye_height"}, {"predicate":"within_distance", "min": 0.0, "max": 3.5}, {"predicate":"within_angle_horizontal", "min": 0.0, "max": 60.0}
                            ],
                            "animation": "epicfight:biped/combat/sword_auto3"
                        }
                    ]
                },
{
                    "weight": 100.0,
                    "canBeInterrupted": true,
                    "looping": false,
                    "cooldown": 200,
                    "behaviors": [
{
                            "conditions": [
                                {"predicate":"within_eye_height"}, {"predicate":"within_distance", "min": 0.0, "max": 3.0}, {"predicate":"within_angle_horizontal", "min": 0.0, "max": 120.0}, {"predicate":"random_chance", "chance": 0.3}
                            ],
                            "animation": "epicfight:biped/skill/sweeping_edge"
                        }
                    ]
                },
{
                    "weight": 100.0,
                    "canBeInterrupted": true,
                    "looping": false,
                    "behaviors": [
{
                            "conditions": [
                                {"predicate":"within_eye_height"}, {"predicate":"within_distance", "min": 0.0, "max": 3.0}
                            ],
                            "animation": "epicfight:biped/skill/roll_backward"
                        }
                    ]
                }
            ]
        },
{
            "weapon_categories": ["sword"],
            "style": "two_hand",
            "behavior_series": [
{
                    "weight": 100.0,
                    "canBeInterrupted": true,
                    "looping": false,
                    "behaviors": [
                        {
                            "conditions": [
                                {"predicate":"within_eye_height"}, {"predicate":"within_distance", "min": 2.1, "max": 3.4}, {"predicate":"within_angle_horizontal", "min": 0.0, "max": 30.0}
                            ],
                            "animation": "epicfight:biped/combat/sword_dual_dash"
                        }
                     ]
                   },
{
                    "weight": 100.0,
                    "canBeInterrupted": true,
                    "looping": false,
                    "behaviors": [
                        {
                            "conditions": [
                                {"predicate":"within_eye_height"}, {"predicate":"within_distance", "min": 0.0, "max": 2.1}, {"predicate":"within_angle_horizontal", "min": 0.0, "max": 30.0}, {"predicate":"random_chance", "chance": 0.8}
                            ],
                            "animation": "epicfight:biped/combat/sword_dual_airslash"
                        }
                     ]
                   },
{
                    "weight": 200.0,
                    "canBeInterrupted": true,
                    "looping": true,
                    "behaviors": [
                        {
                            "conditions": [
                                {"predicate":"within_eye_height"}, {"predicate":"within_distance", "min": 0.0, "max": 3.9}, {"predicate":"within_angle_horizontal", "min": 0.0, "max": 60.0}
                            ],
                            "animation": "epicfight:biped/combat/sword_dual_auto1"
                        },
                        {
                            "conditions": [
                                {"predicate":"within_eye_height"}, {"predicate":"within_distance", "min": 0.0, "max": 3.7}, {"predicate":"within_angle_horizontal", "min": 0.0, "max": 60.0}
                            ],
                            "animation": "epicfight:biped/combat/sword_dual_auto2"
                        },
                        {
                            "conditions": [
                                {"predicate":"within_eye_height"}, {"predicate":"within_distance", "min": 0.0, "max": 4.6}, {"predicate":"within_angle_horizontal", "min": 0.0, "max": 60.0}
                            ],
                            "animation": "epicfight:biped/combat/sword_dual_auto3"
                        }
                     ]
                   },
{
                    "weight": 100.0,
                    "canBeInterrupted": true,
                    "looping": false,
                    "cooldown": 200,
                    "behaviors": [
{
                            "conditions": [
                                {"predicate":"within_eye_height"}, {"predicate":"within_distance", "min": 0.0, "max": 3.3}, {"predicate":"within_angle_horizontal", "min": 0.0, "max": 120.0}, {"predicate":"random_chance", "chance": 0.3}
                            ],
                            "animation": "epicfight:biped/skill/dancing_edge"
                        }
                     ]
                   },
{
                    "weight": 100.0,
                    "canBeInterrupted": true,
                    "looping": false,
                    "behaviors": [
{
                            "conditions": [
                                {"predicate":"within_eye_height"}, {"predicate":"within_distance", "min": 0.0, "max": 3.9}
                            ],
                            "animation": "epicfight:biped/skill/roll_backward"
                        }
                    ]
                }
                ]
            },
{
            "weapon_categories": ["greatsword"],
            "style": "common",
            "behavior_series": [
{
                    "weight": 200.0,
                    "canBeInterrupted": true,
                    "looping": true,
                    "behaviors": [
                        {
                            "conditions": [
                                {"predicate":"within_eye_height"}, {"predicate":"within_distance", "min": 0.0, "max": 5.0}, {"predicate":"within_angle_horizontal", "min": 0.0, "max": 180.0}
                            ],
                            "animation": "epicfight:biped/combat/greatsword_auto1"
                        },
                        {
                            "conditions": [
                                {"predicate":"within_eye_height"}, {"predicate":"within_distance", "min": 0.0, "max": 4.9}, {"predicate":"within_angle_horizontal", "min": 0.0, "max": 180.0}
                            ],
                            "animation": "epicfight:biped/combat/greatsword_auto2"
                        }
                    ]
                },
{
                    "weight": 100.0,
                    "canBeInterrupted": true,
                    "looping": true,
                    "behaviors": [
                        {
                            "conditions": [
                                {"predicate":"within_eye_height"}, {"predicate":"within_distance", "min": 3.4, "max": 4.9}, {"predicate":"within_angle_horizontal", "min": 0.0, "max": 180.0}
                            ],
                            "animation": "epicfight:biped/combat/greatsword_dash"
                        },
                        {
                            "animation": "epicfight:biped/combat/greatsword_auto1"
                        },
                        {
                            "conditions": [
                                {"predicate":"within_eye_height"}, {"predicate":"within_distance", "min": 0.0, "max": 4.9}, {"predicate":"within_angle_horizontal", "min": 0.0, "max": 180.0}
                            ],
                            "animation": "epicfight:biped/combat/greatsword_auto2"
                        }
                    ]
                },
{
                    "weight": 100.0,
                    "canBeInterrupted": true,
                    "looping": true,
                    "behaviors": [
                        {
                            "conditions": [
                                {"predicate":"within_eye_height"}, {"predicate":"within_distance", "min": 0.0, "max": 3.4}, {"predicate":"within_angle_horizontal", "min": 0.0, "max": 180.0}, {"predicate":"random_chance", "chance": 0.5}
                            ],
                            "animation": "epicfight:biped/combat/greatsword_airslash"
                        }
                    ]
                }
              ]
          },
{
            "weapon_categories": ["longsword"],
            "style": "two_hand",
            "behavior_series": [
{
                    "weight": 100.0,
                    "canBeInterrupted": true,
                    "looping": true,
                    "behaviors": [
                        {
                            "conditions": [
                                {"predicate":"within_eye_height"}, {"predicate":"within_distance", "min": 4.2, "max": 6.4}, {"predicate":"within_angle_horizontal", "min": 0.0, "max": 180.0}, {"predicate":"health", "health": 0.5, "comparator": "greater_ratio"}
                            ],
                            "animation": "epicfight:biped/combat/longsword_dash"
                        },
                        {
                            "conditions": [
                                {"predicate":"within_eye_height"}, {"predicate":"within_distance", "min": 0.0, "max": 4.2}, {"predicate":"within_angle_horizontal", "min": 0.0, "max": 180.0}, {"predicate":"health", "health": 0.5, "comparator": "greater_ratio"}
                            ],
                            "animation": "epicfight:biped/combat/longsword_auto1"
                        },
                        {
                            "conditions": [
                                {"predicate":"within_eye_height"}, {"predicate":"within_distance", "min": 0.0, "max": 4.3}, {"predicate":"within_angle_horizontal", "min": 0.0, "max": 180.0}, {"predicate":"health", "health": 0.5, "comparator": "greater_ratio"}
                            ],
                            "animation": "epicfight:biped/combat/longsword_auto2"
                        },
                        {
                            "conditions": [
                                {"predicate":"within_eye_height"}, {"predicate":"within_distance", "min": 0.0, "max": 4.5}, {"predicate":"within_angle_horizontal", "min": 0.0, "max": 180.0}, {"predicate":"health", "health": 0.5, "comparator": "greater_ratio"}
                            ],
                            "animation": "epicfight:biped/combat/longsword_auto3"
                        }
                    ]
                },
{
                    "weight": 100.0,
                    "canBeInterrupted": true,
                    "looping": true,
                    "behaviors": [
                        {
                            "conditions": [
                                {"predicate":"within_eye_height"}, {"predicate":"within_distance", "min": 3.9, "max": 6.4}, {"predicate":"within_angle_horizontal", "min": 0.0, "max": 180.0}, {"predicate":"health", "health": 0.5, "comparator": "less_ratio"}
                            ],
                            "animation": "epicfight:biped/combat/longsword_dash"
                        },
                        {
                            "conditions": [
                                {"predicate":"within_eye_height"}, {"predicate":"within_distance", "min": 0.0, "max": 3.9}, {"predicate":"within_angle_horizontal", "min": 0.0, "max": 180.0}, {"predicate":"health", "health": 0.5, "comparator": "less_ratio"}
                            ],
                            "animation": "epicfight:biped/combat/longsword_liechtenauer_auto1"
                        },
                       {
                            "conditions": [
                                {"predicate":"within_eye_height"}, {"predicate":"within_distance", "min": 0.0, "max": 4.1}, {"predicate":"within_angle_horizontal", "min": 0.0, "max": 180.0}, {"predicate":"health", "health": 0.5, "comparator": "less_ratio"}
                            ],
                            "animation": "epicfight:biped/combat/longsword_liechtenauer_auto2"
                        },
                       {
                            "conditions": [
                                {"predicate":"within_eye_height"}, {"predicate":"within_distance", "min": 0.0, "max": 5.2}, {"predicate":"within_angle_horizontal", "min": 0.0, "max": 180.0}, {"predicate":"health", "health": 0.5, "comparator": "less_ratio"}
                            ],
                            "animation": "epicfight:biped/combat/longsword_liechtenauer_auto3"
                        }
                    ]
                },
{
                    "weight": 100.0,
                    "canBeInterrupted": true,
                    "looping": true,
                    "behaviors": [
                        {
                            "conditions": [
                                {"predicate":"within_eye_height"}, {"predicate":"within_distance", "min": 0.0, "max": 2.8}, {"predicate":"within_angle_horizontal", "min": 0.0, "max": 180.0}, {"predicate":"random_chance", "chance": 0.5}
                            ],
                            "animation": "epicfight:biped/combat/longsword_airslash"
                        }
                    ]
                },
{
                    "weight": 200.0,
                    "canBeInterrupted": true,
                    "looping": true,
                    "behaviors": [
                        {
                            "conditions": [
                                {"predicate":"within_eye_height"}, {"predicate":"within_distance", "min": 0.0, "max": 4.2}, {"predicate":"within_angle_horizontal", "min": 0.0, "max": 180.0}, {"predicate":"health", "health": 0.5, "comparator": "greater_ratio"}
                            ],
                            "animation": "epicfight:biped/combat/longsword_auto1"
                        },
                        {
                            "conditions": [
                                {"predicate":"within_eye_height"}, {"predicate":"within_distance", "min": 0.0, "max": 4.3}, {"predicate":"within_angle_horizontal", "min": 0.0, "max": 180.0}, {"predicate":"health", "health": 0.5, "comparator": "greater_ratio"}
                            ],
                            "animation": "epicfight:biped/combat/longsword_auto2"
                        },
                        {
                            "conditions": [
                                {"predicate":"within_eye_height"}, {"predicate":"within_distance", "min": 0.0, "max": 4.5}, {"predicate":"within_angle_horizontal", "min": 0.0, "max": 180.0}, {"predicate":"health", "health": 0.5, "comparator": "greater_ratio"}
                            ],
                            "animation": "epicfight:biped/combat/longsword_auto3"
                        }
                    ]
                },
{
                    "weight": 200.0,
                    "canBeInterrupted": true,
                    "looping": true,
                    "behaviors": [
                        {
                            "conditions": [
                                {"predicate":"within_eye_height"}, {"predicate":"within_distance", "min": 0.0, "max": 3.9}, {"predicate":"within_angle_horizontal", "min": 0.0, "max": 180.0}, {"predicate":"health", "health": 0.5, "comparator": "less_ratio"}
                            ],
                            "animation": "epicfight:biped/combat/longsword_liechtenauer_auto1"
                        },
                       {
                            "conditions": [
                                {"predicate":"within_eye_height"}, {"predicate":"within_distance", "min": 0.0, "max": 4.1}, {"predicate":"within_angle_horizontal", "min": 0.0, "max": 180.0}, {"predicate":"health", "health": 0.5, "comparator": "less_ratio"}
                            ],
                            "animation": "epicfight:biped/combat/longsword_liechtenauer_auto2"
                        },
                       {
                            "conditions": [
                                {"predicate":"within_eye_height"}, {"predicate":"within_distance", "min": 0.0, "max": 5.2}, {"predicate":"within_angle_horizontal", "min": 0.0, "max": 180.0}, {"predicate":"health", "health": 0.5, "comparator": "less_ratio"}
                            ],
                            "animation": "epicfight:biped/combat/longsword_liechtenauer_auto3"
                        }
                    ]
                },
{
                    "weight": 100.0,
                    "canBeInterrupted": true,
                    "looping": false,
                    "behaviors": [
{
                            "conditions": [
                                {"predicate":"within_eye_height"}, {"predicate":"within_distance", "min": 0.0, "max": 4.1}, {"predicate":"health", "health": 0.5, "comparator": "greater_ratio"}
                            ],
                            "animation": "epicfight:biped/skill/roll_backward"
                        }
                    ]
                },
{
                    "weight": 100.0,
                    "canBeInterrupted": true,
                    "looping": false,
                    "behaviors": [
                        {
                            "conditions": [
                                {"predicate":"within_eye_height"}, {"predicate":"within_distance", "min": 0.0, "max": 3.8}, {"predicate":"health", "health": 0.5, "comparator": "less_ratio"}
                            ],
                            "animation": "epicfight:biped/skill/roll_backward"
                        }
                    ]
                }
           ]
        },
{
            "weapon_categories": ["longsword"],
            "style": "one_hand",
            "behavior_series": [
{
                    "weight": 100.0,
                    "canBeInterrupted": true,
                    "looping": true,
                    "behaviors": [
                        {
                            "conditions": [
                                {"predicate":"within_eye_height"}, {"predicate":"within_distance", "min": 4.2, "max": 6.4}, {"predicate":"within_angle_horizontal", "min": 0.0, "max": 180.0}
                            ],
                            "animation": "epicfight:biped/combat/longsword_dash"
                        },
                        {
                            "conditions": [
                                {"predicate":"within_eye_height"}, {"predicate":"within_distance", "min": 0.0, "max": 4.2}, {"predicate":"within_angle_horizontal", "min": 0.0, "max": 180.0}, {"predicate":"random_chance", "chance": 0.5}
                            ],
                            "animation": "epicfight:biped/combat/longsword_auto1"
                        },
                        {
                            "conditions": [
                                {"predicate":"within_eye_height"}, {"predicate":"within_distance", "min": 0.0, "max": 4.3}, {"predicate":"within_angle_horizontal", "min": 0.0, "max": 180.0}
                            ],
                            "animation": "epicfight:biped/combat/longsword_auto2"
                        },
                        {
                            "conditions": [
                                {"predicate":"within_eye_height"}, {"predicate":"within_distance", "min": 0.0, "max": 4.5}, {"predicate":"within_angle_horizontal", "min": 0.0, "max": 180.0}
                            ],
                            "animation": "epicfight:biped/combat/longsword_auto3"
                        }
                    ]
                },
{
                    "weight": 100.0,
                    "canBeInterrupted": true,
                    "looping": true,
                    "behaviors": [
                        {
                            "conditions": [
                                {"predicate":"within_eye_height"}, {"predicate":"within_distance", "min": 0.0, "max": 2.8}, {"predicate":"within_angle_horizontal", "min": 0.0, "max": 180.0}, {"predicate":"random_chance", "chance": 0.5}
                            ],
                            "animation": "epicfight:biped/combat/longsword_airslash"
                        }
                    ]
                },
{
                    "weight": 100.0,
                    "canBeInterrupted": true,
                    "looping": true,
                    "behaviors": [
                        {
                            "conditions": [
                                {"predicate":"within_eye_height"}, {"predicate":"within_distance", "min": 0.0, "max": 3.6}, {"predicate":"within_angle_horizontal", "min": 0.0, "max": 180.0}, {"predicate":"random_chance", "chance": 0.3}
                            ],
                            "animation": "epicfight:biped/skill/heartpiercer"
                        },
                        {
                            "conditions": [
                                {"predicate":"within_eye_height"}, {"predicate":"within_distance", "min": 0.0, "max": 4.2}, {"predicate":"within_angle_horizontal", "min": 0.0, "max": 180.0}, {"predicate":"random_chance", "chance": 0.5}
                            ],
                            "animation": "epicfight:biped/combat/longsword_auto1"
                        },
                        {
                            "conditions": [
                                {"predicate":"within_eye_height"}, {"predicate":"within_distance", "min": 0.0, "max": 4.3}, {"predicate":"within_angle_horizontal", "min": 0.0, "max": 180.0}
                            ],
                            "animation": "epicfight:biped/combat/longsword_auto2"
                        },
                        {
                            "conditions": [
                                {"predicate":"within_eye_height"}, {"predicate":"within_distance", "min": 0.0, "max": 4.5}, {"predicate":"within_angle_horizontal", "min": 0.0, "max": 180.0}
                            ],
                            "animation": "epicfight:biped/combat/longsword_auto3"
                        }
                    ]
                },
{
                    "weight": 100.0,
                    "canBeInterrupted": true,
                    "looping": true,
                    "behaviors": [
                        {
                            "conditions": [
                                {"predicate":"within_eye_height"}, {"predicate":"within_distance", "min": 0.0, "max": 4.2}, {"predicate":"within_angle_horizontal", "min": 0.0, "max": 180.0}, {"predicate":"random_chance", "chance": 0.5}
                            ],
                            "animation": "epicfight:biped/combat/longsword_auto1"
                        },
                        {
                            "conditions": [
                                {"predicate":"within_eye_height"}, {"predicate":"within_distance", "min": 0.0, "max": 4.3}, {"predicate":"within_angle_horizontal", "min": 0.0, "max": 180.0}
                            ],
                            "animation": "epicfight:biped/combat/longsword_auto2"
                        },
                        {
                            "conditions": [
                                {"predicate":"within_eye_height"}, {"predicate":"within_distance", "min": 0.0, "max": 4.5}, {"predicate":"within_angle_horizontal", "min": 0.0, "max": 180.0}
                            ],
                            "animation": "epicfight:biped/combat/longsword_auto3"
                        }
                    ]
                },
{
                    "weight": 100.0,
                    "canBeInterrupted": true,
                    "looping": false,
                    "behaviors": [
{
                            "conditions": [
                                {"predicate":"within_eye_height"}, {"predicate":"within_distance", "min": 0.0, "max": 4.1}
                            ],
                            "animation": "epicfight:biped/skill/roll_backward"
                        }
                    ]
                }
           ]
        },
{
            "weapon_categories": ["dagger"],
            "style": "one_hand",
            "behavior_series": [
{
                    "weight": 100.0,
                    "canBeInterrupted": true,
                    "looping": true,
                    "behaviors": [
                        {
                            "conditions": [
                                {"predicate":"within_eye_height"}, {"predicate":"within_distance", "min": 4.0, "max": 4.8}, {"predicate":"within_angle_horizontal", "min": 0.0, "max": 40.0}
                            ],
                            "animation": "epicfight:biped/combat/dagger_dash"
                        },
                        {
                            "conditions": [
                                {"predicate":"within_eye_height"}, {"predicate":"within_distance", "min": 0.0, "max": 4.0}, {"predicate":"within_angle_horizontal", "min": 0.0, "max": 40.0}
                            ],
                            "animation": "epicfight:biped/combat/dagger_auto1"
                        },
                        {
                            "conditions": [
                                {"predicate":"within_eye_height"}, {"predicate":"within_distance", "min": 0.0, "max": 3.9}, {"predicate":"within_angle_horizontal", "min": 0.0, "max": 40.0}
                            ],
                            "animation": "epicfight:biped/combat/dagger_auto2"
                        },
                        {
                            "conditions": [
                                {"predicate":"within_eye_height"}, {"predicate":"within_distance", "min": 0.0, "max": 4.7}, {"predicate":"within_angle_horizontal", "min": 0.0, "max": 40.0}
                            ],
                            "animation": "epicfight:biped/combat/dagger_auto3"
                        }
                    ]
                },
{
                    "weight": 100.0,
                    "canBeInterrupted": true,
                    "looping": true,
                    "behaviors": [
                        {
                            "conditions": [
                                {"predicate":"within_eye_height"}, {"predicate":"within_distance", "min": 0.0, "max": 2.3}, {"predicate":"within_angle_horizontal", "min": 0.0, "max": 90.0}, {"predicate":"random_chance", "chance": 0.5}
                            ],
                            "animation": "epicfight:biped/combat/dagger_airslash"
                        },
{
                            "conditions": [
                                {"predicate":"within_eye_height"}, {"predicate":"within_distance", "min": 0.0, "max": 4.0}
                            ],
                            "animation": "epicfight:biped/skill/step_left"
                        }
                    ]
                },
{
                    "weight": 200.0,
                    "canBeInterrupted": true,
                    "looping": true,
                    "behaviors": [
                        {
                            "conditions": [
                                {"predicate":"within_eye_height"}, {"predicate":"within_distance", "min": 0.0, "max": 4.0}, {"predicate":"within_angle_horizontal", "min": 0.0, "max": 40.0}
                            ],
                            "animation": "epicfight:biped/combat/dagger_auto1"
                        },
                        {
                            "conditions": [
                                {"predicate":"within_eye_height"}, {"predicate":"within_distance", "min": 0.0, "max": 3.9}, {"predicate":"within_angle_horizontal", "min": 0.0, "max": 40.0}
                            ],
                            "animation": "epicfight:biped/combat/dagger_auto2"
                        },
                        {
                            "conditions": [
                                {"predicate":"within_eye_height"}, {"predicate":"within_distance", "min": 0.0, "max": 4.7}, {"predicate":"within_angle_horizontal", "min": 0.0, "max": 40.0}
                            ],
                            "animation": "epicfight:biped/combat/dagger_auto3"
                        }
                    ]
                },
{
                    "weight": 100.0,
                    "canBeInterrupted": true,
                    "looping": false,
                    "cooldown": 100,
                    "behaviors": [
                        {
                            "conditions": [
                                {"predicate":"within_eye_height"}, {"predicate":"within_distance", "min": 0.0, "max": 4.7}, {"predicate":"within_angle_horizontal", "min": 0.0, "max": 30.0}, {"predicate":"random_chance", "chance": 0.3}
                            ],
                            "animation": "epicfight:biped/skill/eviscerate_first"
                        },
                        {
                            "conditions": [
                                {"predicate":"within_angle_horizontal", "min": 0.0, "max": 90.0}
                            ],
                            "animation": "epicfight:biped/skill/eviscerate_second"
                        }
                    ]
                },
{
                    "weight": 200.0,
                    "canBeInterrupted": true,
                    "looping": false,
                    "cooldown": 40,
                    "behaviors": [
                        {
                            "conditions": [
                                {"predicate":"within_eye_height"}, {"predicate":"within_distance", "min": 0.0, "max": 3.7}, {"predicate":"within_angle_horizontal", "min": 0.0, "max": 40.0}
                            ],
                            "animation": "epicfight:biped/skill/revelation_normal"
                        }
                    ]
                },
{
                    "weight": 150.0,
                    "canBeInterrupted": true,
                    "looping": false,
                    "cooldown": 20,
                    "behaviors": [
{
                            "conditions": [
                                {"predicate":"within_eye_height"}, {"predicate":"within_distance", "min": 0.0, "max": 4.0}, {"predicate":"random_chance", "chance": 0.8}
                            ],
                            "animation": "epicfight:biped/skill/step_left"
                        }
                    ]
                },
{
                    "weight": 150.0,
                    "canBeInterrupted": true,
                    "looping": false,
                    "cooldown": 20,
                    "behaviors": [
{
                            "conditions": [
                                {"predicate":"within_eye_height"}, {"predicate":"within_distance", "min": 0.0, "max": 4.0}, {"predicate":"random_chance", "chance": 0.8}
                            ],
                            "animation": "epicfight:biped/skill/step_right"
                        }
                    ]
                }
           ]
      },
{
            "weapon_categories": ["dagger"],
            "style": "two_hand",
            "behavior_series": [
{
                    "weight": 100.0,
                    "canBeInterrupted": true,
                    "looping": true,
                    "behaviors": [
                        {
                            "conditions": [
                                {"predicate":"within_eye_height"}, {"predicate":"within_distance", "min": 3.6, "max": 4.1}, {"predicate":"within_angle_horizontal", "min": 0.0, "max": 40.0}
                            ],
                            "animation": "epicfight:biped/combat/dagger_dual_dash"
                        },
                        {
                            "conditions": [
                                {"predicate":"within_eye_height"}, {"predicate":"within_distance", "min": 0.0, "max": 4.2}, {"predicate":"within_angle_horizontal", "min": 0.0, "max": 40.0}
                            ],
                            "animation": "epicfight:biped/combat/dagger_dual_auto1"
                        },
                        {
                            "conditions": [
                                {"predicate":"within_eye_height"}, {"predicate":"within_distance", "min": 0.0, "max": 3.6}, {"predicate":"within_angle_horizontal", "min": 0.0, "max": 40.0}
                            ],
                            "animation": "epicfight:biped/combat/dagger_dual_auto2"
                        },
                        {
                            "conditions": [
                                {"predicate":"within_eye_height"}, {"predicate":"within_distance", "min": 0.0, "max": 3.6}, {"predicate":"within_angle_horizontal", "min": 0.0, "max": 40.0}
                            ],
                            "animation": "epicfight:biped/combat/dagger_dual_auto3"
                        }
                    ]
                },
{
                    "weight": 100.0,
                    "canBeInterrupted": true,
                    "looping": true,
                    "behaviors": [
                        {
                            "conditions": [
                                {"predicate":"within_eye_height"}, {"predicate":"within_distance", "min": 0.0, "max": 2.2}, {"predicate":"within_angle_horizontal", "min": 0.0, "max": 40.0}, {"predicate":"random_chance", "chance": 0.5}
                            ],
                            "animation": "epicfight:biped/combat/sword_dual_airslash"
                        }
                    ]
                },
{
                    "weight": 200.0,
                    "canBeInterrupted": true,
                    "looping": true,
                    "behaviors": [
                        {
                            "conditions": [
                                {"predicate":"within_eye_height"}, {"predicate":"within_distance", "min": 0.0, "max": 4.2}, {"predicate":"within_angle_horizontal", "min": 0.0, "max": 40.0}
                            ],
                            "animation": "epicfight:biped/combat/dagger_dual_auto1"
                        },
                        {
                            "conditions": [
                                {"predicate":"within_eye_height"}, {"predicate":"within_distance", "min": 0.0, "max": 3.6}, {"predicate":"within_angle_horizontal", "min": 0.0, "max": 40.0}
                            ],
                            "animation": "epicfight:biped/combat/dagger_dual_auto2"
                        },
                        {
                            "conditions": [
                                {"predicate":"within_eye_height"}, {"predicate":"within_distance", "min": 0.0, "max": 3.6}, {"predicate":"within_angle_horizontal", "min": 0.0, "max": 40.0}
                            ],
                            "animation": "epicfight:biped/combat/dagger_dual_auto3"
                        }
                    ]
                },
{
                    "weight": 100.0,
                    "canBeInterrupted": true,
                    "looping": false,
                    "cooldown": 40,
                    "behaviors": [
                        {
                            "conditions": [
                                {"predicate":"within_eye_height"}, {"predicate":"within_distance", "min": 0.0, "max": 4.0}, {"predicate":"random_chance", "chance": 1.0}
                            ],
                            "animation": "epicfight:biped/skill/blade_rush_failed"
                        }
                    ]
                },
{
                    "weight": 100.0,
                    "canBeInterrupted": true,
                    "looping": false,
                    "cooldown": 20,
                    "behaviors": [
{
                            "conditions": [
                                {"predicate":"within_eye_height"}, {"predicate":"within_distance", "min": 0.0, "max": 4.2}
                            ],
                            "animation": "epicfight:biped/skill/step_left"
                        }
                    ]
                },
{
                    "weight": 100.0,
                    "canBeInterrupted": true,
                    "looping": false,
                    "cooldown": 20,
                    "behaviors": [
{
                            "conditions": [
                                {"predicate":"within_eye_height"}, {"predicate":"within_distance", "min": 0.0, "max": 4.2}
                            ],
                            "animation": "epicfight:biped/skill/step_right"
                        }
                    ]
                }
           ]
      },
{
            "weapon_categories": ["axe"],
            "style": "common",
            "behavior_series": [
{
                    "weight": 100.0,
                    "canBeInterrupted": true,
                    "looping": true,
                    "behaviors": [
                        {
                            "conditions": [
                                {"predicate":"within_eye_height"}, {"predicate":"within_distance", "min": 3.6, "max": 3.9}, {"predicate":"within_angle_horizontal", "min": 0.0, "max": 180.0}
                            ],
                            "animation": "epicfight:biped/combat/axe_dash"
                        },
                        {
                            "conditions": [
                                {"predicate":"within_eye_height"}, {"predicate":"within_distance", "min": 0.0, "max": 3.6}, {"predicate":"within_angle_horizontal", "min": 0.0, "max": 180.0}
                            ],
                            "animation": "epicfight:biped/combat/axe_auto1"
                        },
                        {
                            "conditions": [
                                {"predicate":"within_eye_height"}, {"predicate":"within_distance", "min": 0.0, "max": 3.1}, {"predicate":"within_angle_horizontal", "min": 0.0, "max": 180.0}
                            ],
                            "animation": "epicfight:biped/combat/axe_auto2"
                        }
                    ]
                },
{
                    "weight": 100.0,
                    "canBeInterrupted": true,
                    "looping": true,
                    "behaviors": [
                        {
                            "conditions": [
                                {"predicate":"within_eye_height"}, {"predicate":"within_distance", "min": 0.0, "max": 2.2}, {"predicate":"within_angle_horizontal", "min": 0.0, "max": 180.0}, {"predicate":"random_chance", "chance": 0.5}
                            ],
                            "animation": "epicfight:biped/combat/axe_airslash"
                        }
                    ]
                },
{
                    "weight": 200.0,
                    "canBeInterrupted": true,
                    "looping": true,
                    "behaviors": [
                        {
                            "conditions": [
                                {"predicate":"within_eye_height"}, {"predicate":"within_distance", "min": 0.0, "max": 3.6}, {"predicate":"within_angle_horizontal", "min": 0.0, "max": 180.0}
                            ],
                            "animation": "epicfight:biped/combat/axe_auto1"
                        },
                        {
                            "conditions": [
                                {"predicate":"within_eye_height"}, {"predicate":"within_distance", "min": 0.0, "max": 3.1}, {"predicate":"within_angle_horizontal", "min": 0.0, "max": 180.0}
                            ],
                            "animation": "epicfight:biped/combat/axe_auto2"
                        }
                    ]
                },
{
                    "weight": 100.0,
                    "canBeInterrupted": true,
                    "looping": false,
                    "behaviors": [
{
                            "conditions": [
                                {"predicate":"within_eye_height"}, {"predicate":"within_distance", "min": 0.0, "max": 3.6}
                            ],
                            "animation": "epicfight:biped/skill/roll_backward"
                        }
                    ]
                }
           ]
      },
{
            "weapon_categories": ["fist", "ranged"],
            "style": "one_hand",
            "behavior_series": [
{
                    "weight": 100.0,
                    "canBeInterrupted": true,
                    "looping": true,
                    "behaviors": [
                        {
                            "conditions": [
                                {"predicate":"within_eye_height"}, {"predicate":"within_distance", "min": 0.0, "max": 1.5}, {"predicate":"within_angle_horizontal", "min": 0.0, "max": 60.0}
                            ],
                            "animation": "epicfight:biped/combat/fist_dash"
                        },
                        {
                            "conditions": [
                                {"predicate":"within_eye_height"}, {"predicate":"within_distance", "min": 0.0, "max": 2.3}, {"predicate":"within_angle_horizontal", "min": 0.0, "max": 60.0}
                            ],
                            "animation": "epicfight:biped/combat/fist_auto1"
                        },
                        {
                            "conditions": [
                                {"predicate":"within_eye_height"}, {"predicate":"within_distance", "min": 0.0, "max": 2.4}, {"predicate":"within_angle_horizontal", "min": 0.0, "max": 60.0}
                            ],
                            "animation": "epicfight:biped/combat/fist_auto2"
                        },
                        {
                            "conditions": [
                                {"predicate":"within_eye_height"}, {"predicate":"within_distance", "min": 0.0, "max": 2.4}, {"predicate":"within_angle_horizontal", "min": 0.0, "max": 60.0}
                            ],
                            "animation": "epicfight:biped/combat/fist_auto3"
                        }
                    ]
                },
{
                    "weight": 100.0,
                    "canBeInterrupted": true,
                    "looping": false,
                    "behaviors": [
                        {
                            "conditions": [
                                {"predicate":"within_eye_height"}, {"predicate":"within_distance", "min": 0.0, "max": 2.0}, {"predicate":"within_angle_horizontal", "min": 0.0, "max": 60.0}, {"predicate":"random_chance", "chance": 0.5}
                            ],
                            "animation": "epicfight:biped/combat/fist_airslash"
                        }
                    ]
                },
{
                    "weight": 100.0,
                    "canBeInterrupted": true,
                    "looping": true,
                    "behaviors": [
                        {
                            "conditions": [
                                {"predicate":"within_eye_height"}, {"predicate":"within_distance", "min": 0.0, "max": 2.3}, {"predicate":"within_angle_horizontal", "min": 0.0, "max": 60.0}
                            ],
                            "animation": "epicfight:biped/combat/fist_auto1"
                        },
                        {
                            "conditions": [
                                {"predicate":"within_eye_height"}, {"predicate":"within_distance", "min": 0.0, "max": 2.4}, {"predicate":"within_angle_horizontal", "min": 0.0, "max": 60.0}
                            ],
                            "animation": "epicfight:biped/combat/fist_auto2"
                        },
                        {
                            "conditions": [
                                {"predicate":"within_eye_height"}, {"predicate":"within_distance", "min": 0.0, "max": 2.4}, {"predicate":"within_angle_horizontal", "min": 0.0, "max": 60.0}
                            ],
                            "animation": "epicfight:biped/combat/fist_auto3"
                        }
                    ]
                },
{
                    "weight": 100.0,
                    "canBeInterrupted": true,
                    "looping": false,
                    "cooldown": 20,
                    "behaviors": [
{
                            "conditions": [
                                {"predicate":"within_eye_height"}, {"predicate":"within_distance", "min": 0.0, "max": 2.2}
                            ],
                            "animation": "epicfight:biped/skill/step_left"
                        }
                    ]
                },
{
                    "weight": 100.0,
                    "canBeInterrupted": true,
                    "looping": false,
                    "cooldown": 20,
                    "behaviors": [
{
                            "conditions": [
                                {"predicate":"within_eye_height"}, {"predicate":"within_distance", "min": 0.0, "max": 2.2}
                            ],
                            "animation": "epicfight:biped/skill/step_right"
                        }
                    ]
                }
           ]
      },
{
            "weapon_categories": ["trident"],
            "style": "common",
            "behavior_series": [
{
                    "weight": 100.0,
                    "canBeInterrupted": true,
                    "looping": true,
                    "behaviors": [
                        {
                            "conditions": [
                                {"predicate":"within_eye_height"}, {"predicate":"within_distance", "min": 2.8, "max": 7.8}, {"predicate":"within_angle_horizontal", "min": 0.0, "max": 60.0}
                            ],
                            "animation": "epicfight:biped/combat/spear_dash"
                        },
                        {
                            "conditions": [
                                {"predicate":"within_eye_height"}, {"predicate":"within_distance", "min": 0.0, "max": 2.8}, {"predicate":"within_angle_horizontal", "min": 0.0, "max": 60.0}
                            ],
                            "animation": "epicfight:biped/combat/trident_auto1"
                        },
                        {
                            "conditions": [
                                {"predicate":"within_eye_height"}, {"predicate":"within_distance", "min": 0.0, "max": 3.7}, {"predicate":"within_angle_horizontal", "min": 0.0, "max": 60.0}
                            ],
                            "animation": "epicfight:biped/combat/trident_auto2"
                        },
                        {
                            "conditions": [
                                {"predicate":"within_eye_height"}, {"predicate":"within_distance", "min": 0.0, "max": 7.8}, {"predicate":"within_angle_horizontal", "min": 0.0, "max": 60.0}
                            ],
                            "animation": "epicfight:biped/combat/trident_auto3"
                        }
                    ]
                },
{
                    "weight": 100.0,
                    "canBeInterrupted": true,
                    "looping": true,
                    "behaviors": [
                        {
                            "conditions": [
                                {"predicate":"within_eye_height"}, {"predicate":"within_distance", "min": 0.0, "max": 3.4}, {"predicate":"within_angle_horizontal", "min": 0.0, "max": 60.0}, {"predicate":"random_chance", "chance": 0.5}
                            ],
                            "animation": "epicfight:biped/combat/spear_onehand_airslash"
                        }
                    ]
                },
{
                    "weight": 100.0,
                    "canBeInterrupted": true,
                    "looping": true,
                    "behaviors": [
                        {
                            "conditions": [
                                {"predicate":"within_eye_height"}, {"predicate":"within_distance", "min": 0.0, "max": 2.8}, {"predicate":"within_angle_horizontal", "min": 0.0, "max": 60.0}
                            ],
                            "animation": "epicfight:biped/combat/trident_auto1"
                        },
                        {
                            "conditions": [
                                {"predicate":"within_eye_height"}, {"predicate":"within_distance", "min": 0.0, "max": 3.7}, {"predicate":"within_angle_horizontal", "min": 0.0, "max": 60.0}
                            ],
                            "animation": "epicfight:biped/combat/trident_auto2"
                        },
                        {
                            "conditions": [
                                {"predicate":"within_eye_height"}, {"predicate":"within_distance", "min": 0.0, "max": 7.8}, {"predicate":"within_angle_horizontal", "min": 0.0, "max": 60.0}
                            ],
                            "animation": "epicfight:biped/combat/trident_auto3"
                        }
                    ]
                },
{
                    "weight": 100.0,
                    "canBeInterrupted": true,
                    "looping": true,
                    "cooldown": 200,
                    "behaviors": [
                        {
                            "conditions": [
                                {"predicate":"within_eye_height"}, {"predicate":"within_distance", "min": 0.0, "max": 9.0}, {"predicate":"within_angle_horizontal", "min": 0.0, "max": 60.0}, {"predicate":"random_chance", "chance": 0.3}
                            ],
                            "animation": "epicfight:biped/skill/tsunami"
                        }
                    ]
                },
{
                    "weight": 100.0,
                    "canBeInterrupted": true,
                    "looping": true,
                    "cooldown": 200,
                    "behaviors": [
                        {
                            "conditions": [
                                {"predicate":"within_eye_height"}, {"predicate":"within_distance", "min": 0.0, "max": 4.0}, {"predicate":"within_angle_horizontal", "min": 0.0, "max": 60.0}, {"predicate":"random_chance", "chance": 0.3}
                            ],
                            "animation": "epicfight:biped/skill/wrathful_lighting"
                        }
                    ]
                },
{
                    "weight": 100.0,
                    "canBeInterrupted": true,
                    "looping": false,
                    "behaviors": [
                        {
                            "conditions": [
                                {"predicate":"within_eye_height"}, {"predicate":"within_distance", "min": 0.0, "max": 2.8}
                            ],
                            "animation": "epicfight:biped/skill/roll_backward"
                        }
                    ]
                }
           ]
   },
{
            "weapon_categories": ["shield"],
            "style": "common",
            "behavior_series": [
{
                    "weight": 100.0,
                    "canBeInterrupted": true,
                    "looping": true,
                    "behaviors": [
                        {
                            "conditions": [
                                {"predicate":"within_eye_height"}, {"predicate":"within_distance", "min": 0.0, "max": 1.6}, {"predicate":"within_angle_horizontal", "min": 0.0, "max": 90.0}
                            ],
                            "animation": "epicfight:iron_golem/attack1"
                        }
                    ]
                }
           ]
   },
{
            "weapon_categories": ["ranged"],
            "style": "common",
            "behavior_series": [
{
                    "weight": 100.0,
                    "canBeInterrupted": true,
                    "looping": true,
                    "behaviors": [
                        {
                            "conditions": [
                                {"predicate":"within_eye_height"}, {"predicate":"within_distance", "min": 0.0, "max": 1.6}, {"predicate":"within_angle_horizontal", "min": 0.0, "max": 90.0}
                            ],
                            "animation": "epicfight:iron_golem/attack1"
                        }
                    ]
                }
           ]
   }
   ]
}